"osm_id","name","contents","direction","highway","lamp_mount","lamps","mapillary","material","maxspeed","maxspeed:advisory","power","source","source:maxspeed","support","survey:date","traffic_sign","geometry"
"1818168034",NA,NA,NA,NA,NA,NA,NA,NA,NA,NA,NA,NA,NA,NA,NA,"maxspeed",c(-105.524771, 40.190198)
"1818168132",NA,NA,NA,NA,NA,NA,NA,NA,"20 mph",NA,NA,NA,NA,NA,NA,"maxspeed",c(-105.5305855, 40.1947149)
"1818180589",NA,"Trailhead Parking",NA,NA,NA,NA,NA,NA,NA,NA,NA,NA,NA,NA,NA,"yes",c(-105.533433, 40.1738359)
"1819698798",NA,NA,"350",NA,NA,NA,NA,NA,"40 mph",NA,NA,"survey",NA,NA,NA,"maxspeed",c(-105.5301909, 40.1983259)
"1819698853",NA,NA,"330",NA,NA,NA,NA,NA,"55 mph",NA,NA,"survey",NA,NA,NA,"maxspeed",c(-105.5222388, 40.2094279)
"1819698859",NA,NA,"170",NA,NA,NA,NA,NA,"55 mph",NA,NA,NA,NA,NA,NA,"maxspeed",c(-105.5236012, 40.2112895)
"1819698993",NA,NA,"300",NA,NA,NA,NA,NA,"40 mph",NA,NA,"survey",NA,NA,NA,"maxspeed",c(-105.5288641, 40.2276472)
"1819699002",NA,NA,"170",NA,NA,NA,NA,NA,"40 mph",NA,NA,"survey",NA,NA,NA,"maxspeed",c(-105.5312961, 40.2318125)
"1819699031",NA,NA,NA,NA,NA,NA,NA,NA,NA,NA,NA,NA,NA,NA,NA,"maxspeed",c(-105.5309019, 40.2377924)
"1819712012",NA,NA,NA,NA,NA,NA,NA,NA,NA,NA,NA,NA,NA,NA,NA,"maxspeed",c(-105.5356766, 40.2569457)
"2897458392",NA,NA,NA,NA,NA,NA,NA,"steel","40 mph",NA,"pole",NA,NA,NA,NA,"maxspeed",c(-105.245108, 39.9999926)
"4806501588",NA,NA,NA,NA,NA,NA,NA,NA,"55 mph",NA,NA,"Mapillary",NA,NA,NA,"maxspeed",c(-105.0579574, 40.000355)
"4843022876",NA,NA,NA,NA,NA,NA,NA,NA,"55 mph",NA,NA,NA,NA,NA,NA,"maxspeed",c(-105.2327827, 39.9525786)
"4843022877",NA,NA,NA,NA,NA,NA,NA,NA,"45 mph",NA,NA,NA,NA,NA,NA,"maxspeed",c(-105.2315354, 39.9559834)
"4843022878",NA,NA,NA,NA,NA,NA,NA,NA,"45 mph",NA,NA,NA,NA,NA,NA,"maxspeed",c(-105.2334881, 39.9508257)
"4843022879",NA,NA,NA,NA,NA,NA,NA,NA,"50 mph",NA,NA,"survey",NA,NA,NA,"maxspeed",c(-105.2315033, 39.954096)
"4843022882",NA,NA,NA,NA,NA,NA,NA,NA,"40 mph",NA,NA,NA,NA,NA,NA,"maxspeed",c(-105.2377903, 39.9724645)
"4843022883",NA,NA,NA,NA,NA,NA,NA,NA,"50 mph",NA,NA,NA,NA,NA,NA,"maxspeed",c(-105.2374899, 39.9718322)
"4843022884",NA,NA,NA,NA,NA,NA,NA,NA,"40 mph",NA,NA,"survey",NA,NA,NA,"maxspeed",c(-105.2626933, 39.9985266)
"5157834019",NA,NA,"310","street_lamp",NA,"2",NA,NA,"65 mph",NA,NA,"survey",NA,NA,NA,"maxspeed",c(-105.1116115, 39.9249064)
"5174155863",NA,NA,"0","street_lamp",NA,NA,NA,NA,"35 mph",NA,NA,"Bing;survey",NA,NA,NA,"maxspeed",c(-105.2585885, 40.019983)
"5182799641",NA,NA,NA,"street_lamp",NA,NA,NA,NA,"35 mph",NA,NA,"Bing",NA,NA,NA,"maxspeed",c(-105.2545093, 40.0001446)
"5226874161",NA,NA,NA,NA,NA,NA,NA,NA,"35 mph",NA,NA,NA,NA,NA,NA,"maxspeed",c(-105.1698353, 39.9570841)
"5973922978",NA,NA,NA,NA,NA,NA,NA,NA,NA,NA,NA,NA,NA,NA,NA,"yes",c(-105.188217, 39.9669955)
"5973923312",NA,NA,NA,NA,NA,NA,NA,NA,NA,NA,NA,NA,NA,NA,NA,"yes",c(-105.188112, 39.9669977)
"5973923380",NA,NA,NA,NA,NA,NA,NA,NA,NA,NA,NA,NA,NA,NA,NA,"yes",c(-105.1873391, 39.9667447)
"5973923448",NA,NA,NA,NA,NA,NA,NA,NA,NA,NA,NA,NA,NA,NA,NA,"yes",c(-105.187992, 39.9669765)
"5973923478",NA,NA,NA,NA,NA,NA,NA,NA,NA,NA,NA,NA,NA,NA,NA,"yes",c(-105.187627, 39.9668166)
"6173309119",NA,NA,NA,NA,NA,NA,NA,NA,NA,NA,NA,NA,NA,NA,NA,"stop",c(-105.1320152, 39.9778206)
"6804427967",NA,NA,"130",NA,NA,NA,NA,NA,"65 mph",NA,NA,"survey",NA,NA,NA,"maxspeed",c(-105.0969481, 39.9179857)
"6804427968",NA,NA,"120",NA,NA,NA,NA,NA,"65 mph",NA,NA,"survey",NA,NA,NA,"maxspeed",c(-105.1021635, 39.9200818)
"6804427969",NA,NA,"120",NA,NA,NA,NA,NA,"65 mph",NA,NA,"survey",NA,NA,NA,"maxspeed",c(-105.1033223, 39.920879)
"6804427970",NA,NA,"140",NA,NA,NA,NA,NA,"65 mph",NA,NA,"survey",NA,NA,NA,"maxspeed",c(-105.1484909, 39.9469278)
"6804427971",NA,NA,"120",NA,NA,NA,NA,NA,"65 mph",NA,NA,"survey",NA,NA,NA,"maxspeed",c(-105.1783688, 39.963009)
"6804427972",NA,NA,"130",NA,NA,NA,NA,NA,"60 mph",NA,NA,"survey",NA,NA,NA,"maxspeed",c(-105.2301256, 39.9846479)
"6804427973",NA,NA,"130",NA,NA,NA,NA,NA,"60 mph",NA,NA,"survey",NA,NA,NA,"maxspeed",c(-105.2303437, 39.9845883)
"6804427974",NA,NA,"130",NA,NA,NA,NA,NA,"60 mph",NA,NA,"survey",NA,NA,NA,"maxspeed",c(-105.2381508, 39.9885867)
"6804427975",NA,NA,"130",NA,NA,NA,NA,NA,"60 mph",NA,NA,"survey",NA,NA,NA,"maxspeed",c(-105.2382976, 39.9884546)
"6804427976",NA,NA,"130",NA,NA,NA,NA,NA,"55 mph",NA,NA,"survey",NA,NA,NA,"maxspeed",c(-105.2519114, 39.9963494)
"6804427977",NA,NA,"130",NA,NA,NA,NA,NA,"55 mph",NA,NA,"survey",NA,NA,NA,"maxspeed",c(-105.2518225, 39.9964701)
"6804427978",NA,NA,"180",NA,NA,NA,NA,NA,"40 mph",NA,NA,"survey",NA,NA,NA,"maxspeed",c(-105.2584759, 40.0020473)
"6804427979",NA,NA,"180",NA,NA,NA,NA,NA,"40 mph",NA,NA,"survey",NA,NA,NA,"maxspeed",c(-105.2586474, 40.0021053)
"6804427980",NA,NA,"180",NA,NA,NA,NA,NA,"35 mph",NA,NA,"survey",NA,NA,NA,"maxspeed",c(-105.2585336, 40.0054992)
"6804427981",NA,NA,"180",NA,NA,NA,NA,NA,"35 mph",NA,NA,"survey",NA,NA,NA,"maxspeed",c(-105.2586125, 40.0088047)
"6804427982",NA,NA,"180",NA,NA,NA,NA,NA,"35 mph",NA,NA,"survey",NA,NA,NA,"maxspeed",c(-105.2585111, 40.0091123)
"6804427983",NA,NA,"180",NA,NA,NA,NA,NA,"35 mph",NA,NA,"survey",NA,NA,NA,"maxspeed",c(-105.2586546, 40.012309)
"6804427984",NA,NA,"180",NA,NA,NA,NA,NA,"35 mph",NA,NA,"survey",NA,NA,NA,"maxspeed",c(-105.2585441, 40.0123102)
"6806957080",NA,NA,"180",NA,NA,NA,NA,NA,"35 mph",NA,NA,"survey",NA,NA,NA,"maxspeed",c(-105.2583791, 40.0156317)
"6806957081",NA,NA,"180",NA,NA,NA,NA,NA,"35 mph",NA,NA,"survey",NA,NA,NA,"maxspeed",c(-105.2582011, 40.0155785)
"6806957082",NA,NA,"180",NA,NA,NA,NA,NA,"35 mph",NA,NA,"survey",NA,NA,NA,"maxspeed",c(-105.2583931, 40.0182057)
"6806957083",NA,NA,"180",NA,NA,NA,NA,NA,"35 mph",NA,NA,"survey",NA,NA,NA,"maxspeed",c(-105.2582234, 40.018244)
"6806957084",NA,NA,"180",NA,NA,NA,NA,NA,"35 mph",NA,NA,"survey",NA,NA,NA,"maxspeed",c(-105.2583576, 40.0231731)
"6806985085",NA,NA,"180",NA,NA,NA,NA,NA,"35 mph",NA,NA,"survey",NA,NA,NA,"maxspeed",c(-105.2582121, 40.0231626)
"6806985086",NA,NA,"180",NA,NA,NA,NA,NA,"35 mph",NA,NA,"survey",NA,NA,NA,"maxspeed",c(-105.2582417, 40.0275967)
"6806985087",NA,NA,"180",NA,NA,NA,NA,NA,"35 mph",NA,NA,"survey",NA,NA,NA,"maxspeed",c(-105.2582887, 40.030796)
"6806985088",NA,NA,"180",NA,NA,NA,NA,NA,"35 mph",NA,NA,"survey",NA,NA,NA,"maxspeed",c(-105.2582781, 40.0339916)
"6806985089",NA,NA,"180",NA,NA,NA,NA,NA,"45 mph",NA,NA,"survey",NA,NA,NA,"maxspeed",c(-105.2582934, 40.0378309)
"6806985090",NA,NA,"180",NA,NA,NA,NA,NA,"45 mph",NA,NA,"survey",NA,NA,NA,"maxspeed",c(-105.2583906, 40.0410863)
"6806985091",NA,NA,"180",NA,NA,NA,NA,NA,"45 mph",NA,NA,"survey",NA,NA,NA,"maxspeed",c(-105.2584361, 40.0451023)
"6806985092",NA,NA,"130",NA,NA,NA,NA,NA,"55 mph",NA,NA,"survey",NA,NA,NA,"maxspeed",c(-105.2616979, 40.0526612)
"6806985093",NA,NA,"130",NA,NA,NA,NA,NA,"55 mph",NA,NA,"survey",NA,NA,NA,"maxspeed",c(-105.2771873, 40.062302)
"6806985094",NA,NA,"170",NA,NA,NA,NA,NA,"60 mph",NA,NA,"survey",NA,NA,NA,"maxspeed",c(-105.283114, 40.0688315)
"6806985095",NA,NA,"170",NA,NA,NA,NA,NA,"60 mph",NA,NA,"survey",NA,NA,NA,"maxspeed",c(-105.2842117, 40.0723365)
"6806985096",NA,NA,"180",NA,NA,NA,NA,NA,"60 mph",NA,NA,"survey",NA,NA,NA,"maxspeed",c(-105.2820664, 40.1031836)
"6806985097",NA,NA,"180",NA,NA,NA,NA,NA,"55 mph",NA,NA,"survey",NA,NA,NA,"maxspeed",c(-105.2822175, 40.1265937)
"6806985098",NA,NA,"180",NA,NA,NA,NA,NA,"55 mph",NA,NA,"survey",NA,NA,NA,"maxspeed",c(-105.2821244, 40.1321921)
"6806985099",NA,NA,"180",NA,NA,NA,NA,NA,"60 mph",NA,NA,"survey",NA,NA,NA,"maxspeed",c(-105.2821754, 40.1456173)
"6806985100",NA,NA,"220",NA,NA,NA,NA,NA,"60 mph",NA,NA,"survey",NA,NA,NA,"maxspeed",c(-105.260307, 40.1744025)
"6806985101",NA,NA,"200",NA,NA,NA,NA,NA,"60 mph",NA,NA,"survey",NA,NA,NA,"maxspeed",c(-105.2532225, 40.1817055)
"6806985102",NA,NA,"190",NA,NA,NA,NA,NA,"60 mph",NA,NA,"survey",NA,NA,NA,"maxspeed",c(-105.2512083, 40.1900899)
"6806985103",NA,NA,"180",NA,NA,NA,NA,NA,"45 mph",NA,NA,"survey",NA,NA,NA,"maxspeed",c(-105.2490641, 40.2077344)
"6806985104",NA,NA,"120",NA,NA,NA,NA,NA,"50 mph",NA,NA,"survey",NA,NA,NA,"maxspeed",c(-105.2509266, 40.2129463)
"6806985105",NA,NA,"120",NA,NA,NA,NA,NA,"50 mph",NA,NA,"survey",NA,NA,NA,"maxspeed",c(-105.2577135, 40.2168962)
"6806985107",NA,NA,"140",NA,NA,NA,NA,NA,"40 mph",NA,NA,"survey",NA,NA,NA,"maxspeed",c(-105.2624406, 40.2206201)
"6806985108",NA,NA,"140",NA,NA,NA,NA,NA,"25 mph",NA,NA,"survey",NA,NA,NA,"maxspeed",c(-105.2648816, 40.2224687)
"6806985109",NA,NA,"90",NA,NA,NA,NA,NA,"25 mph",NA,NA,"survey",NA,NA,NA,"maxspeed",c(-105.2687561, 40.2247653)
"6806985110",NA,NA,"160",NA,NA,NA,NA,NA,"25 mph",NA,NA,"survey",NA,NA,NA,"maxspeed",c(-105.2716804, 40.2252646)
"6806985111",NA,NA,"150",NA,NA,NA,NA,NA,"35 mph",NA,NA,"survey",NA,NA,NA,"maxspeed",c(-105.2728808, 40.2263925)
"6806985112",NA,NA,"150",NA,NA,NA,NA,NA,"40 mph",NA,NA,"survey",NA,NA,NA,"maxspeed",c(-105.2745703, 40.2279912)
"6806985113",NA,NA,"140",NA,NA,NA,NA,NA,"45 mph",NA,NA,"survey",NA,NA,NA,"maxspeed",c(-105.2764315, 40.2298586)
"6806985114",NA,NA,"170",NA,NA,NA,NA,NA,"50 mph",NA,NA,"survey",NA,NA,NA,"maxspeed",c(-105.2866292, 40.2321259)
"6806985116",NA,NA,"90",NA,NA,NA,NA,NA,"40 mph",NA,NA,"survey",NA,NA,NA,"maxspeed",c(-105.290651, 40.2482458)
"6806985117",NA,NA,"120",NA,NA,NA,NA,NA,"45 mph",NA,NA,"survey",NA,NA,NA,"maxspeed",c(-105.32532, 40.2381489)
"6806985118",NA,NA,"140",NA,NA,NA,NA,NA,"45 mph",NA,NA,"survey",NA,NA,NA,"maxspeed",c(-105.3379019, 40.2526379)
"6818629372",NA,NA,NA,NA,NA,NA,NA,NA,NA,NA,NA,NA,NA,NA,NA,"yes",c(-105.165825, 39.9783125)
"6818629373",NA,NA,NA,NA,NA,NA,NA,NA,NA,NA,NA,NA,NA,NA,NA,"yes",c(-105.1658618, 39.9780633)
"6818629374",NA,NA,NA,"street_lamp",NA,NA,NA,NA,NA,NA,NA,NA,NA,NA,NA,"yes",c(-105.1656423, 39.9778048)
"6818629377",NA,NA,NA,NA,NA,NA,NA,NA,NA,NA,NA,NA,NA,NA,NA,"yes",c(-105.1658272, 39.9786516)
"6818629378",NA,NA,NA,"street_lamp",NA,NA,NA,NA,"40",NA,NA,NA,NA,NA,NA,"speed limit",c(-105.1656884, 39.9789013)
"6818629380",NA,NA,NA,NA,NA,NA,NA,NA,NA,NA,NA,NA,NA,NA,NA,"yes",c(-105.1658447, 39.9795739)
"6818630499",NA,NA,NA,NA,NA,NA,NA,NA,NA,NA,NA,NA,NA,NA,NA,"traffic_circle",c(-105.1662458, 39.9782766)
"6818634789",NA,NA,NA,NA,NA,NA,NA,NA,NA,NA,NA,NA,NA,NA,NA,"hospital",c(-105.1651129, 39.9731439)
"6818655089",NA,NA,NA,NA,NA,NA,NA,NA,NA,NA,NA,NA,NA,NA,NA,"yes",c(-105.1658581, 39.9777252)
"6818655090",NA,NA,NA,NA,NA,NA,NA,NA,NA,NA,NA,NA,NA,NA,NA,"yes",c(-105.1656798, 39.9774374)
"6818655099",NA,NA,NA,NA,NA,NA,NA,NA,NA,NA,NA,NA,NA,NA,NA,"yes",c(-105.1658125, 39.9747243)
"6818655100",NA,NA,NA,NA,NA,NA,NA,NA,NA,NA,NA,NA,NA,NA,NA,"yes",c(-105.1658233, 39.9745033)
"6818655101",NA,NA,NA,NA,NA,NA,NA,NA,NA,NA,NA,NA,NA,NA,NA,"yes",c(-105.1657254, 39.9741231)
"6818655105",NA,NA,NA,NA,NA,NA,NA,NA,NA,NA,NA,NA,NA,NA,NA,"yes",c(-105.1656275, 39.9736092)
"6818655108",NA,NA,NA,NA,NA,NA,NA,NA,NA,NA,NA,NA,NA,NA,NA,"yes",c(-105.1648993, 39.9729771)
"6818655109",NA,NA,NA,NA,NA,NA,NA,NA,NA,NA,NA,NA,NA,NA,NA,"yes",c(-105.1646726, 39.9729401)
"6818655110",NA,NA,NA,NA,NA,NA,NA,NA,NA,NA,NA,NA,NA,NA,NA,"yes",c(-105.1650106, 39.9728148)
"6818676679",NA,NA,NA,NA,NA,NA,NA,NA,NA,NA,NA,NA,NA,NA,NA,"yes",c(-105.165866, 39.9799639)
"6818676680",NA,NA,NA,NA,NA,NA,NA,NA,NA,NA,NA,NA,NA,NA,NA,"yes",c(-105.1658338, 39.9802383)
"6818676684",NA,NA,NA,NA,NA,NA,NA,NA,NA,NA,NA,NA,NA,NA,NA,"yes",c(-105.1658352, 39.9808344)
"6818682984",NA,NA,NA,NA,NA,NA,NA,NA,NA,NA,NA,NA,NA,NA,NA,"yes",c(-105.1637634, 39.9867193)
"6818692686",NA,NA,NA,NA,NA,NA,NA,NA,NA,NA,NA,NA,NA,NA,NA,"yes",c(-105.1658674, 39.9814458)
"6818692689",NA,NA,NA,NA,NA,NA,NA,NA,NA,NA,NA,NA,NA,NA,NA,"stop",c(-105.1660079, 39.9815212)
"6818692690",NA,NA,NA,NA,NA,NA,NA,NA,NA,NA,NA,NA,NA,NA,NA,"yes",c(-105.1658362, 39.9817205)
"6818692691",NA,NA,NA,NA,NA,NA,NA,NA,NA,NA,NA,NA,NA,NA,NA,"yes",c(-105.1658349, 39.9819826)
"6818692694",NA,NA,NA,NA,NA,NA,NA,NA,NA,NA,NA,NA,NA,NA,NA,"stop",c(-105.1656377, 39.9816856)
"6818692703",NA,NA,NA,NA,NA,NA,NA,NA,NA,NA,NA,NA,NA,NA,NA,"yes",c(-105.1654911, 39.9839965)
"6818692704",NA,NA,NA,NA,NA,NA,NA,NA,NA,NA,NA,NA,NA,NA,NA,"yes",c(-105.1653234, 39.9841352)
"6818692711",NA,NA,NA,NA,NA,NA,NA,NA,NA,NA,NA,NA,NA,NA,NA,"yes",c(-105.1644074, 39.985243)
"6818692712",NA,NA,NA,NA,NA,NA,NA,NA,NA,NA,NA,NA,NA,NA,NA,"yes",c(-105.1643323, 39.9854197)
"6818692713",NA,NA,NA,NA,NA,NA,NA,NA,NA,NA,NA,NA,NA,NA,NA,"stop",c(-105.1641312, 39.9853334)
"6818692716",NA,NA,NA,NA,NA,NA,NA,NA,NA,NA,NA,NA,NA,NA,NA,"yes",c(-105.1645841, 39.9866583)
"6818692717",NA,NA,NA,NA,NA,NA,NA,NA,NA,NA,NA,NA,NA,NA,NA,"yes",c(-105.1643247, 39.9866464)
"6818692718",NA,NA,NA,NA,NA,NA,NA,NA,NA,NA,NA,NA,NA,NA,NA,"yes",c(-105.1644092, 39.9866597)
"6965433121",NA,NA,"30",NA,NA,NA,NA,NA,"55 mph",NA,NA,"survey",NA,NA,NA,"maxspeed",c(-105.5275289, 40.2203117)
"6965433122",NA,NA,"0",NA,NA,NA,NA,NA,"20 mph",NA,NA,"survey",NA,NA,NA,"maxspeed",c(-105.5267278, 40.1955594)
"6965433123",NA,NA,"280",NA,NA,NA,NA,NA,"55 mph",NA,NA,"survey",NA,NA,NA,"maxspeed",c(-105.525201, 40.1957162)
"6965433124",NA,NA,"270",NA,NA,NA,NA,NA,"55 mph",NA,NA,"survey",NA,NA,NA,"maxspeed",c(-105.5042322, 40.1882733)
"6965433125",NA,NA,"330",NA,NA,NA,NA,NA,"40 mph",NA,NA,"survey",NA,NA,NA,"maxspeed",c(-105.4633604, 40.1682366)
"6965433126",NA,NA,"270",NA,NA,NA,NA,NA,"40 mph",NA,NA,"survey",NA,NA,NA,"maxspeed",c(-105.4580307, 40.1665485)
"6965433127",NA,NA,"45",NA,NA,NA,NA,NA,"40 mph",NA,NA,"survey",NA,NA,NA,"maxspeed",c(-105.4518389, 40.164225)
"6965433128",NA,NA,"245",NA,NA,NA,NA,NA,"40 mph",NA,NA,"survey",NA,NA,NA,"maxspeed",c(-105.4497603, 40.1650891)
"6965433129",NA,NA,"270",NA,NA,NA,NA,NA,"35 mph",NA,NA,"survey",NA,NA,NA,"maxspeed",c(-105.445973, 40.168709)
"6965433130",NA,NA,"90",NA,NA,NA,NA,NA,"40 mph",NA,NA,"survey",NA,NA,NA,"maxspeed",c(-105.4459998, 40.1688538)
"6965433131",NA,NA,"280",NA,NA,NA,NA,NA,"35 mph",NA,NA,"survey",NA,NA,NA,"maxspeed",c(-105.3961768, 40.1673784)
"6965433132",NA,NA,"100",NA,NA,NA,NA,NA,"35 mph",NA,NA,"survey",NA,NA,NA,"maxspeed",c(-105.3961525, 40.1675625)
"6965433133",NA,NA,"200",NA,NA,NA,NA,NA,"35 mph",NA,NA,"survey",NA,NA,NA,"maxspeed",c(-105.3809554, 40.1687398)
"6965433134",NA,NA,"10",NA,NA,NA,NA,NA,"35 mph",NA,NA,"survey",NA,NA,NA,"maxspeed",c(-105.3810102, 40.1693508)
"6965433135",NA,NA,"310",NA,NA,NA,NA,NA,"35 mph",NA,NA,"survey",NA,NA,NA,"maxspeed",c(-105.3507645, 40.1779878)
"6965433136",NA,NA,"180",NA,NA,NA,NA,NA,"40 mph",NA,NA,"survey",NA,NA,NA,"maxspeed",c(-105.3299907, 40.194123)
"6965433137",NA,NA,"0",NA,NA,NA,NA,NA,"35 mph",NA,NA,"survey",NA,NA,NA,"maxspeed",c(-105.3301287, 40.1941076)
"6965433138",NA,NA,"45",NA,NA,NA,NA,NA,"40 mph",NA,NA,"survey",NA,NA,NA,"maxspeed",c(-105.3202732, 40.2025915)
"6965433139",NA,NA,"60",NA,NA,NA,NA,NA,"40 mph",NA,NA,"survey",NA,NA,NA,"maxspeed",c(-105.2945147, 40.2068409)
"6965433140",NA,NA,"210",NA,NA,NA,NA,NA,"40 mph",NA,NA,"survey",NA,NA,NA,"maxspeed",c(-105.2753198, 40.2166985)
"6965433141",NA,NA,"230",NA,NA,NA,NA,NA,"35 mph",NA,NA,"survey",NA,NA,NA,"maxspeed",c(-105.2725946, 40.2185894)
"6965433142",NA,NA,"190",NA,NA,NA,NA,NA,"25 mph",NA,NA,"survey",NA,NA,NA,"maxspeed",c(-105.2716981, 40.2195569)
"6965433143",NA,NA,"270",NA,NA,NA,NA,NA,"25 mph",NA,NA,"survey",NA,NA,NA,"maxspeed",c(-105.2711918, 40.2239716)
"6965433144",NA,NA,"270",NA,NA,NA,NA,NA,"25 mph",NA,NA,"survey",NA,NA,NA,"maxspeed",c(-105.2695089, 40.2239815)
"6965433145",NA,NA,"270",NA,NA,NA,NA,NA,"25 mph",NA,NA,"survey",NA,NA,NA,"maxspeed",c(-105.2695229, 40.2240975)
"6965433146",NA,NA,"320",NA,NA,NA,NA,NA,"35 mph",NA,NA,"survey",NA,NA,NA,"maxspeed",c(-105.2650477, 40.2222602)
"6965433147",NA,NA,"320",NA,NA,NA,NA,NA,"40 mph",NA,NA,"survey",NA,NA,NA,"maxspeed",c(-105.2641857, 40.2216053)
"6965433148",NA,NA,"320",NA,NA,NA,NA,NA,"50 mph",NA,NA,"survey",NA,NA,NA,"maxspeed",c(-105.262769, 40.2205324)
"6965433149",NA,NA,"310",NA,NA,NA,NA,NA,"50 mph",NA,NA,"survey",NA,NA,NA,"maxspeed",c(-105.2530254, 40.2138616)
"6965433150",NA,NA,"0",NA,NA,NA,NA,NA,"60 mph",NA,NA,"survey",NA,NA,NA,"maxspeed",c(-105.2492707, 40.2077283)
"6965433151",NA,NA,"15",NA,NA,NA,NA,NA,"60 mph",NA,NA,"survey",NA,NA,NA,"maxspeed",c(-105.252475, 40.1874742)
"6965442651",NA,NA,"30",NA,NA,NA,NA,NA,"60 mph",NA,NA,"survey",NA,NA,NA,"maxspeed",c(-105.2621234, 40.1729646)
"6965442652",NA,NA,"0",NA,NA,NA,NA,NA,"55 mph",NA,NA,"survey",NA,NA,NA,"maxspeed",c(-105.2823526, 40.1481343)
"6965442653",NA,NA,"0",NA,NA,NA,NA,NA,"55 mph",NA,NA,"survey",NA,NA,NA,"maxspeed",c(-105.282369, 40.1427423)
"6965442654",NA,NA,"0",NA,NA,NA,NA,NA,"60 mph",NA,NA,"survey",NA,NA,NA,"maxspeed",c(-105.282447, 40.126601)
"6965442655",NA,NA,"0",NA,NA,NA,NA,NA,"60 mph",NA,NA,"survey",NA,NA,NA,"maxspeed",c(-105.2822935, 40.0974337)
"6965442656",NA,NA,"350",NA,NA,NA,NA,NA,"55 mph",NA,NA,"survey",NA,NA,NA,"maxspeed",c(-105.2833745, 40.0690243)
"6965442657",NA,NA,"320",NA,NA,NA,NA,NA,"55 mph",NA,NA,"survey",NA,NA,NA,"maxspeed",c(-105.2784493, 40.0628659)
"6965442658",NA,NA,"310",NA,NA,NA,NA,NA,"45 mph",NA,NA,"survey",NA,NA,NA,"maxspeed",c(-105.2633337, 40.053478)
"6965442659",NA,NA,"330",NA,NA,NA,NA,NA,"45 mph",NA,NA,"survey",NA,NA,NA,"maxspeed",c(-105.2596806, 40.0501913)
"6965442660",NA,NA,"350",NA,NA,NA,NA,NA,"45 mph",NA,NA,"survey",NA,NA,NA,"maxspeed",c(-105.2589202, 40.0485691)
"6965442661",NA,NA,"0",NA,NA,NA,NA,NA,"45 mph",NA,NA,"survey",NA,NA,NA,"maxspeed",c(-105.2586148, 40.042131)
"6965442662",NA,NA,"0",NA,NA,NA,NA,NA,"35 mph",NA,NA,"survey",NA,NA,NA,"maxspeed",c(-105.2586486, 40.0386979)
"6965442663",NA,NA,"0",NA,NA,NA,NA,NA,"35 mph",NA,NA,"survey",NA,NA,NA,"maxspeed",c(-105.2586385, 40.0357123)
"6965442664",NA,NA,"90",NA,NA,NA,NA,NA,"25 mph",NA,NA,"survey",NA,NA,NA,"maxspeed",c(-105.2592514, 40.0328772)
"6965442665",NA,NA,"270",NA,NA,NA,NA,NA,"25 mph",NA,NA,"survey",NA,NA,NA,"maxspeed",c(-105.2580186, 40.0327746)
"6965442666",NA,NA,"0",NA,NA,NA,NA,NA,"35 mph",NA,NA,"survey",NA,NA,NA,"maxspeed",c(-105.2585614, 40.0278582)
"6986158141",NA,NA,"310",NA,NA,NA,NA,NA,"45 mph",NA,NA,"survey",NA,NA,NA,"maxspeed",c(-105.2620455, 40.0526328)
"6986158142",NA,NA,"0",NA,NA,NA,NA,NA,"35 mph",NA,NA,"survey",NA,NA,NA,"maxspeed",c(-105.2585802, 40.0187964)
"6986158143",NA,NA,"0",NA,NA,NA,NA,NA,"35 mph",NA,NA,"survey",NA,NA,NA,"maxspeed",c(-105.2584261, 40.0188495)
"6986158144",NA,NA,"0",NA,NA,NA,NA,NA,"35 mph",NA,NA,"survey",NA,NA,NA,"maxspeed",c(-105.2585594, 40.0164396)
"6986158145",NA,NA,"0",NA,NA,NA,NA,NA,"35 mph",NA,NA,"survey",NA,NA,NA,"maxspeed",c(-105.2583942, 40.0165332)
"6986158146",NA,NA,"5",NA,NA,NA,NA,NA,"35 mph",NA,NA,"survey",NA,NA,NA,"maxspeed",c(-105.2585776, 40.0138942)
"6986158147",NA,NA,"0",NA,NA,NA,NA,NA,"35 mph",NA,NA,"survey",NA,NA,NA,"maxspeed",c(-105.2588478, 40.0103225)
"6986158148",NA,NA,"0",NA,NA,NA,NA,NA,"35 mph",NA,NA,"survey",NA,NA,NA,"maxspeed",c(-105.2588914, 40.0075962)
"6986158149",NA,NA,"0",NA,NA,NA,NA,NA,"35 mph",NA,NA,"survey",NA,NA,NA,"maxspeed",c(-105.258694, 40.0074701)
"6986158150",NA,NA,"0",NA,NA,NA,NA,NA,"55 mph",NA,NA,"survey",NA,NA,NA,"maxspeed",c(-105.2588551, 40.0064627)
"6986158151",NA,NA,"0",NA,NA,NA,NA,NA,"55 mph",NA,NA,"survey",NA,NA,NA,"maxspeed",c(-105.258688, 40.0064602)
"6986158152",NA,NA,"300",NA,NA,NA,NA,NA,"60 mph",NA,NA,"survey",NA,NA,NA,"maxspeed",c(-105.2520278, 39.9962441)
"6986158153",NA,NA,"300",NA,NA,NA,NA,NA,"60 mph",NA,NA,"survey",NA,NA,NA,"maxspeed",c(-105.2519131, 39.9963507)
"6986158154",NA,NA,"300",NA,NA,NA,NA,NA,"65 mph",NA,NA,"survey",NA,NA,NA,"maxspeed",c(-105.2295896, 39.9840759)
"6986158155",NA,NA,"300",NA,NA,NA,NA,NA,"65 mph",NA,NA,"survey",NA,NA,NA,"maxspeed",c(-105.2294881, 39.9841889)
"6986158156",NA,NA,"300",NA,NA,NA,NA,NA,"65 mph",NA,NA,"survey",NA,NA,NA,"maxspeed",c(-105.2169265, 39.9782097)
"6986158157",NA,NA,"310",NA,NA,NA,NA,NA,"65 mph",NA,NA,"survey",NA,NA,NA,"maxspeed",c(-105.1559061, 39.9516917)
"6986158158",NA,NA,"320",NA,NA,NA,NA,NA,"65 mph",NA,NA,"survey",NA,NA,NA,"maxspeed",c(-105.110821, 39.924043)
"7418202092",NA,NA,NA,NA,NA,NA,NA,NA,"35 mph",NA,NA,NA,NA,NA,NA,"maxspeed",c(-105.1094574, 39.9621577)
"7418202096",NA,NA,NA,NA,NA,NA,NA,NA,"35 mph",NA,NA,NA,NA,NA,NA,"maxspeed",c(-105.1092823, 39.9587717)
"7418640517",NA,NA,NA,NA,NA,NA,NA,NA,NA,NA,NA,NA,NA,NA,NA,"yield_to_pedestrians",c(-105.1294267, 39.9720496)
"7418640518",NA,NA,NA,NA,NA,NA,NA,NA,NA,NA,NA,NA,NA,NA,NA,"yield_to_pedestrians",c(-105.1295694, 39.9720691)
"7418688878",NA,NA,NA,NA,NA,NA,NA,NA,NA,NA,NA,NA,NA,NA,NA,"yield",c(-105.1326607, 39.97086)
"7418688879",NA,NA,NA,NA,NA,NA,NA,NA,NA,NA,NA,NA,NA,NA,NA,"yield",c(-105.1327814, 39.9709052)
"7424185421",NA,NA,NA,NA,NA,NA,NA,NA,NA,NA,NA,NA,NA,NA,NA,"stop",c(-105.1309905, 39.9703858)
"7424218085",NA,NA,NA,NA,NA,NA,NA,NA,NA,NA,NA,NA,NA,NA,NA,"yes",c(-105.1307186, 39.9703485)
"7424218086",NA,NA,NA,NA,NA,NA,NA,NA,NA,NA,NA,NA,NA,NA,NA,"stop_ahead",c(-105.1317291, 39.9701292)
"7424218087",NA,NA,NA,NA,NA,NA,NA,NA,NA,NA,NA,NA,NA,NA,NA,"yes",c(-105.1321971, 39.9700525)
"7477251951",NA,NA,NA,NA,NA,NA,NA,NA,NA,NA,NA,NA,NA,NA,NA,"stop",c(-105.1658623, 39.968733)
"7477251952",NA,NA,NA,NA,NA,NA,NA,NA,NA,NA,NA,NA,NA,NA,NA,"stop",c(-105.1681002, 39.9684078)
"7477251954",NA,NA,NA,NA,NA,NA,NA,NA,NA,NA,NA,NA,NA,NA,NA,"stop",c(-105.1688762, 39.9688435)
"7477251955",NA,NA,NA,NA,NA,NA,NA,NA,NA,NA,NA,NA,NA,NA,NA,"keep_right",c(-105.1689117, 39.9690259)
"7477251965",NA,NA,NA,NA,NA,NA,NA,NA,NA,NA,NA,NA,NA,NA,NA,"yes",c(-105.1694164, 39.9692254)
"7477251966",NA,NA,NA,NA,NA,NA,NA,NA,NA,NA,NA,NA,NA,NA,NA,"stop",c(-105.1693339, 39.9691134)
"7477251969",NA,NA,NA,NA,NA,NA,NA,NA,NA,NA,NA,NA,NA,NA,NA,"keep_right",c(-105.169275, 39.9689891)
"7477251978",NA,NA,NA,NA,NA,NA,NA,NA,NA,NA,NA,NA,NA,NA,NA,"keep_right",c(-105.170704, 39.9662879)
"7477251979",NA,NA,NA,NA,NA,NA,NA,NA,NA,NA,NA,NA,NA,NA,NA,"left_lane_must_turn_left",c(-105.1703804, 39.9661115)
"7477261785",NA,NA,NA,NA,NA,NA,NA,NA,NA,NA,NA,NA,NA,NA,NA,"keep_right",c(-105.168645, 39.9654524)
"7477261795",NA,NA,NA,NA,NA,NA,NA,NA,NA,NA,NA,NA,NA,NA,NA,"keep_right",c(-105.1669093, 39.9650082)
"7477261798",NA,NA,NA,NA,NA,NA,NA,NA,NA,NA,NA,NA,NA,NA,NA,"stop",c(-105.1670896, 39.96491)
"7477261801",NA,NA,NA,NA,NA,NA,NA,NA,NA,NA,NA,NA,NA,NA,NA,"one_way",c(-105.1659768, 39.9644711)
"7477261805",NA,NA,NA,NA,NA,NA,NA,NA,NA,NA,NA,NA,NA,NA,NA,"keep_right",c(-105.1648091, 39.964147)
"7512482361",NA,NA,NA,NA,NA,NA,NA,NA,NA,NA,NA,NA,NA,NA,NA,"stop",c(-105.1629349, 39.9733409)
"7594122170",NA,NA,NA,NA,NA,NA,NA,NA,NA,NA,NA,NA,NA,NA,NA,"crosswalk",c(-105.1613454, 39.9742782)
"7843879036",NA,NA,"180",NA,NA,NA,NA,NA,"25 mph",NA,NA,"survey",NA,NA,NA,"maxspeed",c(-105.2896133, 40.2485935)
"7843879037",NA,NA,"180",NA,NA,NA,NA,NA,"35 mph",NA,NA,"survey",NA,NA,NA,"maxspeed",c(-105.2816626, 40.1016271)
"7843879038",NA,NA,"250",NA,NA,NA,NA,NA,"30 mph",NA,NA,"survey",NA,NA,NA,"maxspeed",c(-105.270005, 40.0582214)
"7843879039",NA,NA,"90",NA,NA,NA,NA,NA,"35 mph",NA,NA,"survey",NA,NA,NA,"maxspeed",c(-105.2662472, 40.0547508)
"7843879040",NA,NA,"270",NA,NA,NA,NA,NA,"25 mph",NA,NA,"survey",NA,NA,NA,"maxspeed",c(-105.25787, 40.0435264)
"7843879041",NA,NA,"70",NA,NA,NA,NA,NA,"30 mph",NA,NA,"survey",NA,NA,NA,"maxspeed",c(-105.2593982, 40.0222546)
"7855741988",NA,NA,"250",NA,NA,NA,NA,NA,"40 mph",NA,NA,"survey",NA,NA,NA,"maxspeed",c(-105.5118357, 40.0693453)
"7855741989",NA,NA,"90",NA,NA,NA,NA,NA,"40 mph",NA,NA,"survey",NA,NA,NA,"maxspeed",c(-105.5057444, 40.0750862)
"7855741990",NA,NA,"0",NA,NA,NA,NA,NA,"15 mph",NA,NA,"survey",NA,NA,NA,"maxspeed",c(-105.5041994, 40.0748646)
"7855741991",NA,NA,"200",NA,NA,NA,NA,NA,"50 mph",NA,NA,"survey",NA,NA,NA,"maxspeed",c(-105.4951966, 40.0908604)
"7855741994",NA,NA,"10",NA,NA,NA,NA,NA,"50 mph",NA,NA,"survey",NA,NA,NA,"maxspeed",c(-105.4941867, 40.0924363)
"7855741995",NA,NA,"10",NA,NA,NA,NA,NA,"50 mph",NA,NA,"survey",NA,NA,NA,"maxspeed",c(-105.4807435, 40.111822)
"7855741996",NA,NA,"45",NA,NA,NA,NA,NA,"50 mph",NA,NA,"survey",NA,NA,NA,"maxspeed",c(-105.4903176, 40.1380134)
"7855741998",NA,NA,"250",NA,NA,NA,NA,NA,"35 mph",NA,NA,"survey",NA,NA,NA,"maxspeed",c(-105.4901674, 40.137919)
"7855741999",NA,NA,"270",NA,NA,NA,NA,NA,"35 mph",NA,NA,"survey",NA,NA,NA,"maxspeed",c(-105.4794024, 40.1440242)
"7855742000",NA,NA,"10",NA,NA,NA,NA,NA,"35 mph",NA,NA,"survey",NA,NA,NA,"maxspeed",c(-105.46115, 40.1654153)
"7855742001",NA,NA,"120",NA,NA,NA,NA,NA,"55 mph",NA,NA,"survey",NA,NA,NA,"maxspeed",c(-105.4632126, 40.168378)
"7855742002",NA,NA,"90",NA,NA,NA,NA,NA,"55 mph",NA,NA,"survey",NA,NA,NA,"maxspeed",c(-105.4971895, 40.1888895)
"7855742003",NA,NA,"80",NA,NA,NA,NA,NA,"20 mph",NA,NA,"survey",NA,NA,NA,"maxspeed",c(-105.5079572, 40.1883671)
"7855742004",NA,NA,"15",NA,NA,NA,NA,NA,"40 mph",NA,NA,"survey",NA,NA,NA,"maxspeed",c(-105.531511, 40.2325478)
"7855742005",NA,NA,"300",NA,NA,NA,NA,NA,"40 mph",NA,NA,"survey",NA,NA,NA,"maxspeed",c(-105.5328923, 40.2412509)
"7855784194",NA,NA,"350",NA,NA,NA,NA,NA,"40 mph",NA,NA,"survey",NA,NA,NA,"maxspeed",c(-105.5022615, 39.9157169)
"7855784195",NA,NA,"170",NA,NA,NA,NA,NA,"35 mph",NA,NA,"survey",NA,NA,NA,"maxspeed",c(-105.5020335, 39.9157642)
"7855784196",NA,NA,"170",NA,NA,NA,NA,NA,"40 mph",NA,NA,"survey",NA,NA,NA,"maxspeed",c(-105.5028489, 39.9187944)
"7855784197",NA,NA,"0",NA,NA,NA,NA,NA,"35 mph",NA,NA,"survey",NA,NA,NA,"maxspeed",c(-105.5032164, 39.91925)
"7855784198",NA,NA,"180",NA,NA,NA,NA,NA,"40 mph",NA,NA,"survey",NA,NA,NA,"maxspeed",c(-105.5022213, 39.9275552)
"7855784199",NA,NA,"30",NA,NA,NA,NA,NA,"40 mph",NA,NA,"survey",NA,NA,NA,"maxspeed",c(-105.5021958, 39.9286823)
"7855784200",NA,NA,"150",NA,NA,NA,NA,NA,"40 mph",NA,NA,"survey",NA,NA,NA,"maxspeed",c(-105.5031963, 39.9354778)
"7855784201",NA,NA,"20",NA,NA,NA,NA,NA,"40 mph",NA,NA,"survey",NA,NA,NA,"maxspeed",c(-105.5038749, 39.9376135)
"7855784202",NA,NA,"45",NA,NA,NA,NA,NA,"35 mph",NA,NA,"survey",NA,NA,NA,"maxspeed",c(-105.5033585, 39.9403148)
"7855784203",NA,NA,"240",NA,NA,NA,NA,NA,"45 mph",NA,NA,"survey",NA,NA,NA,"maxspeed",c(-105.5031574, 39.9402202)
"7855784204",NA,NA,"337",NA,NA,NA,NA,NA,"45 mph",NA,NA,"survey",NA,NA,NA,"maxspeed",c(-105.5041337, 39.9500721)
"7855784205",NA,NA,"300",NA,NA,NA,NA,NA,"45 mph",NA,NA,"survey",NA,NA,NA,"maxspeed",c(-105.5083153, 39.9540692)
"7855784206",NA,NA,"250",NA,NA,NA,NA,NA,"35 mph",NA,NA,"survey",NA,NA,NA,"maxspeed",c(-105.5163914, 39.9570124)
"7855784207",NA,NA,"250",NA,NA,NA,NA,NA,"25 mph",NA,NA,"survey",NA,NA,NA,"maxspeed",c(-105.5134329, 39.9577762)
"7855784208",NA,NA,"60",NA,NA,NA,NA,NA,"35 mph",NA,NA,"survey",NA,NA,NA,"maxspeed",c(-105.5121253, 39.9582861)
"7855784209",NA,NA,"250",NA,NA,NA,NA,NA,"25 mph",NA,NA,"survey",NA,NA,NA,"maxspeed",c(-105.5120127, 39.9581628)
"7855784210",NA,NA,"350",NA,NA,NA,NA,NA,"25 mph",NA,NA,"survey",NA,NA,NA,"maxspeed",c(-105.5105737, 39.9613206)
"7855784211",NA,NA,"300",NA,NA,NA,NA,NA,"25 mph",NA,NA,"survey",NA,NA,NA,"maxspeed",c(-105.5138607, 39.962549)
"7855784212",NA,NA,"340",NA,NA,NA,NA,NA,"35 mph",NA,NA,"survey",NA,NA,NA,"maxspeed",c(-105.5157423, 39.9631256)
"7855784213",NA,NA,"210",NA,NA,NA,NA,NA,"35 mph",NA,NA,"survey",NA,NA,NA,"maxspeed",c(-105.5125451, 39.9648124)
"7855784214",NA,NA,"30",NA,NA,NA,NA,NA,"35 mph",NA,NA,"survey",NA,NA,NA,"maxspeed",c(-105.512694, 39.9648844)
"7855784215",NA,NA,"30",NA,NA,NA,NA,NA,"35 mph",NA,NA,"survey",NA,NA,NA,"maxspeed",c(-105.5103283, 39.9660654)
"7855784217",NA,NA,"180",NA,NA,NA,NA,NA,"45 mph",NA,NA,"survey",NA,NA,NA,"maxspeed",c(-105.5081074, 39.9673399)
"7855784218",NA,NA,"0",NA,NA,NA,NA,NA,"35 mph",NA,NA,"survey",NA,NA,NA,"maxspeed",c(-105.5080095, 39.9702538)
"7855784220",NA,NA,"90",NA,NA,NA,NA,NA,"20 mph",NA,NA,"survey",NA,NA,NA,"maxspeed",c(-105.5049612, 39.9813602)
"7855784221",NA,NA,"180",NA,NA,NA,NA,NA,"45 mph",NA,NA,"survey",NA,NA,NA,"maxspeed",c(-105.4964948, 39.9955184)
"7855784222",NA,NA,"280",NA,NA,NA,NA,NA,"45 mph",NA,NA,"survey",NA,NA,NA,"maxspeed",c(-105.5012912, 39.9990403)
"7855784224",NA,NA,"350",NA,NA,NA,NA,NA,"45 mph",NA,NA,"survey",NA,NA,NA,"maxspeed",c(-105.5090931, 40.016839)
"7855784225",NA,NA,"180",NA,NA,NA,NA,NA,"40 mph",NA,NA,"survey",NA,NA,NA,"maxspeed",c(-105.5153346, 40.0485093)
"7855784226",NA,NA,"0",NA,NA,NA,NA,NA,"50 mph",NA,NA,"survey",NA,NA,NA,"maxspeed",c(-105.5153105, 40.0498202)
"7855784227",NA,NA,"250",NA,NA,NA,NA,NA,"40 mph",NA,NA,"survey",NA,NA,NA,"maxspeed",c(-105.5194102, 40.0613254)
"7855784228",NA,NA,"330",NA,NA,NA,NA,NA,"40 mph",NA,NA,"survey",NA,NA,NA,"maxspeed",c(-105.5160534, 40.0675503)
"7935994025",NA,NA,NA,NA,NA,NA,"299224268372729",NA,"40 mph",NA,NA,"Mapillary Traffic Signs",NA,NA,"2019-03-21","maxspeed",c(-105.175262, 39.9879961)
"8002576012",NA,NA,"320",NA,NA,NA,NA,NA,"40 mph",NA,NA,NA,NA,NA,NA,"maxspeed",c(-105.2768366, 40.2300312)
"8002576016",NA,NA,"320",NA,NA,NA,NA,NA,"25 mph",NA,NA,NA,NA,NA,NA,"maxspeed",c(-105.2733873, 40.2265407)
"8002576020",NA,NA,"270",NA,NA,NA,NA,NA,"60",NA,NA,NA,NA,NA,NA,"maxspeed",c(-105.0949151, 40.2031035)
"8002576021",NA,NA,"90",NA,NA,NA,NA,NA,"55 mph",NA,NA,NA,NA,NA,NA,"maxspeed",c(-105.0949299, 40.2032766)
"8002576022",NA,NA,NA,NA,NA,NA,"214328723576447",NA,"60 mph",NA,NA,"Mapillary Traffic Signs",NA,NA,"2020-07-11","maxspeed",c(-105.075749, 40.2034496)
"8002576023",NA,NA,"90",NA,NA,NA,NA,NA,"55 mph",NA,NA,NA,NA,NA,NA,"maxspeed",c(-105.1049519, 40.203485)
"8002576025",NA,NA,"90",NA,NA,NA,NA,NA,"50 mph",NA,NA,NA,NA,NA,NA,"maxspeed",c(-105.243142, 40.2125605)
"8002576030",NA,NA,"270",NA,NA,NA,NA,NA,"60 mph",NA,NA,NA,NA,NA,NA,"maxspeed",c(-105.2470943, 40.2120208)
"8002576031",NA,NA,"300",NA,NA,NA,NA,NA,"60 mph",NA,NA,NA,NA,NA,NA,"maxspeed",c(-105.2280184, 40.2083727)
"8002576032",NA,NA,"290",NA,NA,NA,NA,NA,"60 mph",NA,NA,NA,NA,NA,NA,"maxspeed",c(-105.2054744, 40.2065271)
"8002576033",NA,NA,"110",NA,NA,NA,NA,NA,"60 mph",NA,NA,NA,NA,NA,NA,"maxspeed",c(-105.2054134, 40.2066705)
"8002576034",NA,NA,"270",NA,NA,NA,NA,NA,"50 mph",NA,NA,NA,NA,NA,NA,"maxspeed",c(-105.1850326, 40.203168)
"8002576035",NA,NA,"90",NA,NA,NA,"736213013713840",NA,"60 mph",NA,NA,"Mapillary Traffic Signs",NA,NA,"2020-07-11","maxspeed",c(-105.182158, 40.2033718)
"8002576036",NA,NA,"270",NA,NA,NA,NA,NA,"60 mph",NA,NA,NA,NA,NA,NA,"maxspeed",c(-105.1748402, 40.2032177)
"8002576037",NA,NA,"90",NA,NA,NA,NA,NA,"60 mph",NA,NA,NA,NA,NA,NA,"maxspeed",c(-105.1507849, 40.203442)
"8002576039",NA,NA,"90",NA,NA,NA,"305565887767622",NA,"50 mph",NA,NA,"Mapillary Traffic Signs",NA,NA,"2020-07-11","maxspeed",c(-105.170039, 40.2033839)
"8002576040",NA,NA,"270",NA,NA,NA,NA,NA,"60 mph",NA,NA,NA,NA,NA,NA,"maxspeed",c(-105.136885, 40.2031788)
"8002576041",NA,NA,"90",NA,NA,NA,"336412621179837",NA,"60 mph",NA,NA,"Mapillary Traffic Signs",NA,NA,"2020-07-11","maxspeed",c(-105.136883, 40.2033407)
"8002576042",NA,NA,"270",NA,NA,NA,NA,NA,"60 mph",NA,NA,NA,NA,NA,NA,"maxspeed",c(-105.1284561, 40.2031521)
"8002576043",NA,NA,"270",NA,NA,NA,NA,NA,"55 mph",NA,NA,NA,NA,NA,NA,"maxspeed",c(-105.1131038, 40.2031081)
"8002576045",NA,NA,"90",NA,NA,NA,"930379550860299",NA,"60 mph",NA,NA,"Mapillary Traffic Signs",NA,NA,"2020-07-11","maxspeed",c(-105.1131, 40.2032833)
"8005854270",NA,NA,"270",NA,NA,NA,NA,NA,"35 mph",NA,NA,NA,NA,NA,NA,"maxspeed",c(-105.138793, 40.1523989)
"8005854272",NA,NA,"90",NA,NA,NA,NA,NA,"45",NA,NA,NA,NA,NA,NA,"maxspeed",c(-105.155809, 40.1526521)
"8005854275",NA,NA,"270",NA,NA,NA,NA,NA,"35 mph",NA,NA,NA,NA,NA,NA,"maxspeed",c(-105.1539733, 40.1524496)
"8005854276",NA,NA,"270",NA,NA,NA,NA,NA,"45 mph",NA,NA,NA,NA,NA,NA,"maxspeed",c(-105.1637661, 40.1523769)
"8005854277",NA,NA,"270",NA,NA,NA,NA,NA,"45 mph",NA,NA,NA,NA,NA,NA,"maxspeed",c(-105.1773877, 40.1523102)
"8005854278",NA,NA,"90",NA,NA,NA,NA,NA,"35 mph",NA,NA,NA,NA,NA,NA,"maxspeed",c(-105.1788659, 40.1524947)
"8005854280",NA,NA,"75",NA,NA,NA,NA,NA,"50 mph",NA,NA,NA,NA,NA,NA,"maxspeed",c(-105.1838665, 40.1519935)
"8005854281",NA,NA,"255",NA,NA,NA,NA,NA,"35",NA,NA,NA,NA,NA,NA,"maxspeed",c(-105.1838277, 40.1518941)
"8005854283",NA,NA,"90",NA,NA,NA,NA,NA,"40 mph",NA,NA,NA,NA,NA,NA,"maxspeed",c(-105.1995451, 40.1524548)
"8005854284",NA,NA,"270",NA,NA,NA,NA,NA,"50 mph",NA,NA,NA,NA,NA,NA,"maxspeed",c(-105.2006837, 40.1523533)
"8005856685",NA,NA,"270",NA,NA,NA,NA,NA,"35 mph",NA,NA,NA,NA,NA,NA,"maxspeed",c(-105.205571, 40.1523379)
"8005856686",NA,NA,"90",NA,NA,NA,NA,NA,"50 mph",NA,NA,NA,NA,NA,NA,"maxspeed",c(-105.2082026, 40.1524501)
"8005856687",NA,NA,"270",NA,NA,NA,NA,NA,"40 mph",NA,NA,NA,NA,NA,NA,"maxspeed",c(-105.209546, 40.1523379)
"8005856690",NA,NA,"50",NA,NA,NA,NA,NA,"50 mph",NA,NA,NA,NA,NA,NA,"maxspeed",c(-105.2419508, 40.1503201)
"8005856692",NA,NA,"90",NA,NA,NA,NA,NA,"35 mph",NA,NA,NA,NA,NA,NA,"maxspeed",c(-105.2286993, 40.1523687)
"8005856694",NA,NA,"270",NA,NA,NA,NA,NA,"50 mph",NA,NA,NA,NA,NA,NA,"maxspeed",c(-105.2253858, 40.1522887)
"8005856695",NA,NA,"230",NA,NA,NA,NA,NA,"35 mph",NA,NA,NA,NA,NA,NA,"maxspeed",c(-105.2403753, 40.1511929)
"8005856696",NA,NA,"270",NA,NA,NA,NA,NA,"50 mph",NA,NA,NA,NA,NA,NA,"maxspeed",c(-105.2619778, 40.1452134)
"8005856697",NA,NA,"270",NA,NA,NA,NA,NA,"50 mph",NA,NA,NA,NA,NA,NA,"maxspeed",c(-105.2810892, 40.145012)
"8034849789",NA,NA,"180",NA,NA,NA,NA,NA,"40 mph",NA,NA,NA,"sign",NA,NA,"maxspeed",c(-105.1306549, 40.1432543)
"8034849790",NA,NA,"180",NA,NA,NA,NA,NA,"40 mph",NA,NA,NA,NA,NA,NA,"maxspeed",c(-105.1305516, 40.1507931)
"8034849791",NA,NA,"0",NA,NA,NA,NA,NA,"40 mph",NA,NA,NA,NA,NA,NA,"maxspeed",c(-105.1308547, 40.1519453)
"8034849792",NA,NA,"180",NA,NA,NA,NA,NA,"45 mph",NA,NA,NA,NA,NA,NA,"maxspeed",c(-105.1305315, 40.1530636)
"8034849793",NA,NA,"0",NA,NA,NA,NA,NA,"40 mph",NA,NA,NA,NA,NA,NA,"maxspeed",c(-105.1310666, 40.1950629)
"8034849794",NA,NA,"0",NA,NA,NA,NA,NA,"45 mph",NA,NA,NA,NA,NA,NA,"maxspeed",c(-105.1312409, 40.2022108)
"8034849796",NA,NA,"180",NA,NA,NA,NA,NA,"45 mph",NA,NA,NA,NA,NA,NA,"maxspeed",c(-105.1308091, 40.197209)
"8034849797",NA,NA,"180",NA,NA,NA,NA,NA,"40 mph",NA,NA,NA,NA,NA,NA,"maxspeed",c(-105.1308051, 40.1901189)
"8034849798",NA,NA,"180",NA,NA,NA,NA,NA,"40 mph",NA,NA,NA,NA,NA,NA,"maxspeed",c(-105.1307803, 40.1746424)
"8034849799",NA,NA,"0",NA,NA,NA,NA,NA,"40 mph",NA,NA,NA,NA,NA,NA,"maxspeed",c(-105.1310297, 40.1734645)
"8034849800",NA,NA,"180",NA,NA,NA,NA,NA,"40 mph",NA,NA,NA,NA,NA,NA,"maxspeed",c(-105.1307139, 40.1675152)
"8034849801",NA,NA,"0",NA,NA,NA,NA,NA,"45 mph",NA,NA,NA,NA,NA,NA,"maxspeed",c(-105.1309425, 40.1657929)
"8034849802",NA,NA,"0",NA,NA,NA,NA,NA,"45 mph",NA,NA,NA,NA,NA,NA,"maxspeed",c(-105.1308031, 40.1590614)
"8034849803",NA,NA,"180",NA,NA,NA,NA,NA,"45 mph",NA,NA,NA,NA,NA,NA,"maxspeed",c(-105.13051, 40.1601407)
"8034871791",NA,NA,"0",NA,NA,NA,NA,NA,"40 mph",NA,NA,NA,NA,NA,NA,"maxspeed",c(-105.1310326, 40.1798379)
"8035030618",NA,NA,"0",NA,NA,NA,NA,NA,"25 mph",NA,NA,NA,NA,NA,NA,"maxspeed",c(-105.289734, 40.2476928)
"8035030621",NA,NA,"270",NA,NA,NA,"864728974256536",NA,"50 mph",NA,NA,"Mapillary Traffic Signs",NA,NA,"2020-06-07","maxspeed",c(-105.292616, 40.2481387)
"8035030622",NA,NA,"90",NA,NA,NA,"214328723576447",NA,"60 mph",NA,NA,"Mapillary Traffic Signs",NA,NA,"2020-07-11","maxspeed",c(-105.075745, 40.2034424)
"8041345474",NA,NA,"180",NA,NA,NA,NA,NA,"35 mph",NA,NA,NA,NA,NA,NA,"maxspeed",c(-105.1022905, 40.1961826)
"8041345475",NA,NA,"0",NA,NA,NA,NA,NA,"35 mph",NA,NA,NA,NA,NA,NA,"maxspeed",c(-105.1026466, 40.1987962)
"8041345476",NA,NA,"0",NA,NA,NA,NA,NA,"35 mph",NA,NA,NA,NA,NA,NA,"maxspeed",c(-105.102662, 40.2005074)
"8041345477",NA,NA,"180",NA,NA,NA,NA,NA,"45 mph",NA,NA,NA,NA,NA,NA,"maxspeed",c(-105.1022959, 40.2005125)
"8041345481",NA,NA,"180",NA,NA,NA,NA,NA,"65 mph",NA,NA,NA,NA,NA,NA,"maxspeed",c(-105.1022476, 40.2088172)
"8041345482",NA,NA,"0",NA,NA,NA,NA,NA,"55 mph",NA,NA,NA,NA,NA,NA,"maxspeed",c(-105.1026566, 40.2084342)
"8041345483",NA,NA,"0",NA,NA,NA,NA,NA,"45 mph",NA,NA,NA,NA,NA,NA,"maxspeed",c(-105.1027384, 40.2067155)
"8041345484",NA,NA,"180",NA,NA,NA,NA,NA,"65 mph",NA,NA,NA,NA,NA,NA,"maxspeed",c(-105.1023603, 40.2056913)
"8076933748",NA,NA,"250",NA,NA,NA,NA,NA,"35 mph",NA,NA,NA,NA,NA,NA,"maxspeed",c(-105.3407308, 40.102654)
"8076933751",NA,NA,"220",NA,NA,NA,NA,NA,"30 mph",NA,NA,NA,NA,NA,NA,"maxspeed",c(-105.3006479, 40.1301091)
"8076933752",NA,NA,"170",NA,NA,NA,NA,NA,"35 mph",NA,NA,NA,NA,NA,NA,"maxspeed",c(-105.3059681, 40.1113728)
"8076933753",NA,NA,"70",NA,NA,NA,NA,NA,"35 mph",NA,NA,NA,NA,NA,NA,"maxspeed",c(-105.307218, 40.1099317)
"8076933754",NA,NA,"85",NA,NA,NA,NA,NA,"30 mph",NA,NA,NA,NA,NA,NA,"maxspeed",c(-105.2840799, 40.1336282)
"8169503373",NA,NA,NA,NA,NA,NA,"477496630140925",NA,NA,NA,NA,NA,NA,NA,NA,"stop",c(-105.182338, 39.9638053)
"8719910926",NA,NA,NA,NA,NA,NA,"585501192350017",NA,NA,NA,NA,NA,NA,NA,NA,"do_not_enter",c(-105.187132, 39.9665176)
"8719910927",NA,NA,NA,NA,NA,NA,"585501192350017",NA,NA,NA,NA,NA,NA,NA,NA,"wrong_way",c(-105.186878, 39.9663892)
"8747342522",NA,NA,NA,NA,NA,NA,NA,NA,NA,NA,NA,NA,NA,NA,NA,"stop",c(-105.1441495, 39.981243)
"8747342527",NA,NA,NA,NA,NA,NA,NA,NA,NA,NA,NA,NA,NA,NA,NA,"stop",c(-105.1420002, 39.9813609)
"8747342528",NA,NA,NA,NA,NA,NA,NA,NA,NA,NA,NA,NA,NA,NA,NA,"stop",c(-105.1417025, 39.9812715)
"8747342529",NA,NA,NA,NA,NA,NA,NA,NA,NA,NA,NA,NA,NA,NA,NA,"stop",c(-105.1409095, 39.9816709)
"8747342530",NA,NA,NA,NA,NA,NA,NA,NA,NA,NA,NA,NA,NA,NA,NA,"stop",c(-105.1412085, 39.9817731)
"8756461384",NA,NA,NA,NA,NA,NA,NA,NA,NA,NA,NA,NA,NA,NA,NA,"yes",c(-105.1876696, 39.9669129)
"8779208797",NA,NA,NA,NA,NA,NA,NA,NA,NA,NA,NA,NA,NA,NA,NA,"keep_right",c(-105.1650322, 39.9642492)
"8870767797",NA,NA,"95",NA,NA,NA,NA,NA,"20 mph",NA,NA,NA,NA,NA,NA,"maxspeed",c(-105.2886055, 40.2281103)
"8870803622",NA,NA,"65",NA,NA,NA,NA,NA,"25 mph",NA,NA,NA,NA,NA,NA,"maxspeed",c(-105.2762975, 40.2291609)
"8871026152",NA,NA,"90",NA,NA,NA,NA,NA,"35 mph",NA,NA,NA,NA,NA,NA,"maxspeed",c(-105.2759863, 40.1053826)
"8871026153",NA,NA,"270",NA,NA,NA,NA,NA,"40 mph",NA,NA,NA,NA,NA,NA,"maxspeed",c(-105.2764383, 40.1052687)
"8871026156",NA,NA,"90",NA,NA,NA,NA,NA,"35 mph",NA,NA,NA,NA,NA,NA,"maxspeed",c(-105.1977772, 40.101739)
"8871026157",NA,NA,"270",NA,NA,NA,NA,NA,"40 mph",NA,NA,NA,NA,NA,NA,"maxspeed",c(-105.1977691, 40.1016364)
"8871026158",NA,NA,"90",NA,NA,NA,NA,NA,"35 mph",NA,NA,NA,NA,NA,NA,"maxspeed",c(-105.2076396, 40.1017226)
"8871026159",NA,NA,"270",NA,NA,NA,NA,NA,"35 mph",NA,NA,NA,NA,NA,NA,"maxspeed",c(-105.2240708, 40.1016323)
"8871026160",NA,NA,"90",NA,NA,NA,NA,NA,"40 mph",NA,NA,NA,NA,NA,NA,"maxspeed",c(-105.2265599, 40.1017585)
"8871026161",NA,NA,"270",NA,NA,NA,NA,NA,"40 mph",NA,NA,NA,NA,NA,NA,"maxspeed",c(-105.2386299, 40.1016518)
"8871026162",NA,NA,"90",NA,NA,NA,NA,NA,"40 mph",NA,NA,NA,NA,NA,NA,"maxspeed",c(-105.2404967, 40.1017667)
"8871026164",NA,NA,"90",NA,NA,NA,NA,NA,"30 mph",NA,NA,NA,NA,NA,NA,"maxspeed",c(-105.2452482, 40.1017903)
"8871026165",NA,NA,"270",NA,NA,NA,NA,NA,"40 mph",NA,NA,NA,NA,NA,NA,"maxspeed",c(-105.2453274, 40.1016908)
"8871026167",NA,NA,"90",NA,NA,NA,NA,NA,"40 mph",NA,NA,NA,NA,NA,NA,"maxspeed",c(-105.2520637, 40.1053908)
"8871026168",NA,NA,"270",NA,NA,NA,NA,NA,"30 mph",NA,NA,NA,NA,NA,NA,"maxspeed",c(-105.252061, 40.1052769)
"8871026169",NA,NA,"90",NA,NA,NA,NA,NA,"40 mph",NA,NA,NA,NA,NA,NA,"maxspeed",c(-105.2594572, 40.1053816)
"8871026170",NA,NA,"270",NA,NA,NA,NA,NA,"40 mph",NA,NA,NA,NA,NA,NA,"maxspeed",c(-105.2587813, 40.105278)
"8871026171",NA,NA,"270",NA,NA,NA,NA,NA,"40 mph",NA,NA,NA,NA,NA,NA,"maxspeed",c(-105.2631795, 40.1052467)
"9179090856",NA,NA,NA,NA,NA,NA,"158348312904479",NA,NA,NA,NA,"survey;streetlevel imagery",NA,NA,NA,"stop",c(-105.1654853, 39.9560361)
"9198699978",NA,NA,"5",NA,NA,NA,NA,NA,"20 mph",NA,NA,NA,NA,NA,NA,"maxspeed",c(-105.294959, 40.0056479)
"9701961279",NA,NA,"183",NA,NA,NA,NA,NA,"45 mph",NA,NA,NA,NA,NA,NA,"maxspeed",c(-105.2402741, 40.0119088)
"9701961280",NA,NA,"3",NA,NA,NA,NA,NA,"45 mph",NA,NA,NA,NA,NA,NA,"maxspeed",c(-105.2406442, 40.0119458)
"9701961283",NA,NA,"180",NA,NA,NA,NA,NA,"25 mph",NA,NA,NA,NA,NA,NA,"maxspeed",c(-105.2482892, 40.0079069)
"9701961284",NA,NA,"255",NA,NA,NA,NA,NA,"35 mph",NA,NA,NA,NA,NA,NA,"maxspeed",c(-105.2479324, 40.0093547)
"9701961285",NA,NA,"170",NA,NA,NA,NA,NA,"35 mph",NA,NA,NA,NA,NA,NA,"maxspeed",c(-105.2432949, 40.0079957)
"9765849906",NA,NA,"50",NA,NA,NA,NA,NA,"45 mph",NA,NA,"survey",NA,NA,NA,"maxspeed",c(-105.3151517, 40.2403881)
"9882257093","JCT CO 7",NA,NA,NA,NA,NA,"692463294786541",NA,NA,NA,NA,NA,NA,NA,NA,"yes",c(-105.1029072, 39.9977925)
"9882273813","Indian Peaks Golf Course",NA,NA,NA,NA,NA,"1093713884431773",NA,NA,NA,NA,NA,NA,NA,NA,"yes",c(-105.1029782, 39.997396)
"10983518218",NA,NA,NA,NA,NA,NA,"1365315694230670",NA,NA,NA,NA,NA,NA,NA,NA,"stop",c(-105.1638824, 39.9531634)
"11112955862",NA,NA,NA,NA,NA,NA,NA,NA,"15 mph",NA,NA,NA,NA,NA,NA,"maxspeed",c(-105.0671101, 39.9826787)
"11112955863",NA,NA,NA,NA,NA,NA,NA,NA,"15 mph",NA,NA,NA,NA,NA,NA,"maxspeed",c(-105.0728468, 39.981935)
"11113034158",NA,NA,NA,NA,NA,NA,NA,NA,"15 mph",NA,NA,NA,NA,NA,NA,"maxspeed",c(-105.0876036, 39.9799555)
"11113034174",NA,NA,NA,NA,NA,NA,NA,NA,"15 mph",NA,NA,NA,NA,NA,NA,"maxspeed",c(-105.0990139, 39.9800586)
"11124092200",NA,NA,NA,NA,NA,NA,NA,NA,"15 mph",NA,NA,NA,NA,NA,NA,"maxspeed",c(-105.0804449, 39.9723244)
"11135217033",NA,NA,NA,NA,NA,NA,NA,NA,"40 mph",NA,NA,NA,NA,NA,NA,"maxspeed",c(-105.2129009, 39.9753993)
"11135217037",NA,NA,NA,NA,NA,NA,NA,NA,"20 mph",NA,NA,NA,NA,NA,NA,"maxspeed",c(-105.2126234, 39.9736929)
"11135217040",NA,NA,NA,NA,NA,NA,NA,NA,"40 mph",NA,NA,NA,NA,NA,NA,"maxspeed",c(-105.2128899, 39.9730352)
"11135217050",NA,NA,NA,NA,NA,NA,NA,NA,"35 mph",NA,NA,NA,NA,NA,NA,"maxspeed",c(-105.2130197, 39.9643179)
"11136736731",NA,NA,NA,NA,NA,NA,NA,NA,"40 mph",NA,NA,NA,NA,NA,NA,"maxspeed",c(-105.2284918, 39.9558653)
"11136736754",NA,NA,NA,NA,NA,NA,NA,NA,"50 mph",NA,NA,NA,NA,NA,NA,"maxspeed",c(-105.2216463, 39.9548225)
"11137303030",NA,NA,NA,NA,NA,NA,NA,NA,"50 mph",NA,NA,NA,NA,NA,NA,"maxspeed",c(-105.1936527, 39.9620579)
"11137303073",NA,NA,NA,NA,NA,NA,NA,NA,"40 mph",NA,NA,NA,NA,NA,NA,"maxspeed",c(-105.1764324, 39.9615137)
"11137303076",NA,NA,NA,NA,NA,NA,NA,NA,"35 mph",NA,NA,NA,NA,NA,NA,"maxspeed",c(-105.1753287, 39.9605897)
"11137328648","Bike Lane Ahead",NA,NA,NA,NA,NA,NA,NA,NA,NA,NA,NA,NA,NA,NA,"yes",c(-105.1651479, 39.951137)
"11137328649",NA,NA,NA,NA,NA,NA,NA,NA,"45 mph",NA,NA,NA,NA,NA,NA,"maxspeed",c(-105.1650807, 39.9507293)
"11137329819",NA,NA,NA,NA,NA,NA,NA,NA,"30 mph",NA,NA,NA,NA,NA,NA,"maxspeed",c(-105.1748235, 39.9551883)
"11137329865",NA,NA,NA,NA,NA,NA,NA,NA,"25 mph",NA,NA,NA,NA,NA,NA,"maxspeed",c(-105.1691374, 39.9539876)
"11137329873",NA,NA,NA,"street_lamp",NA,NA,NA,NA,"25 mph",NA,NA,NA,NA,NA,NA,"maxspeed",c(-105.1674579, 39.9539908)
"11137423682",NA,NA,NA,NA,NA,NA,NA,NA,"45 mph",NA,NA,NA,NA,NA,NA,"maxspeed",c(-105.1662634, 39.9140581)
"11137438080",NA,NA,NA,NA,NA,NA,NA,NA,"45 mph",NA,NA,NA,NA,NA,NA,"maxspeed",c(-105.1637298, 39.9443535)
"11137438090",NA,NA,NA,NA,NA,NA,NA,NA,"45 mph",NA,NA,NA,NA,NA,NA,"maxspeed",c(-105.1627181, 39.9414547)
"11137474318",NA,NA,NA,NA,NA,NA,NA,NA,"45 mph",NA,NA,NA,NA,NA,NA,"maxspeed",c(-105.1658779, 39.9362731)
"11137474320",NA,NA,NA,NA,NA,NA,NA,NA,"35 mph",NA,NA,NA,NA,NA,NA,"maxspeed",c(-105.1659468, 39.9307967)
"11137474323",NA,NA,NA,NA,NA,NA,NA,NA,"15 mph",NA,NA,NA,NA,NA,NA,"maxspeed",c(-105.1659247, 39.9294424)
"11137474364",NA,NA,NA,NA,NA,NA,NA,NA,"45 mph",NA,NA,NA,NA,NA,NA,"maxspeed",c(-105.1659635, 39.9281238)
"11137475114",NA,NA,NA,NA,NA,NA,NA,NA,"45 mph",NA,NA,NA,NA,NA,NA,"maxspeed",c(-105.16415, 39.9191248)
"11137480442",NA,NA,NA,NA,NA,NA,NA,NA,"55 mph",NA,NA,NA,NA,NA,NA,"maxspeed",c(-105.2155208, 39.9144983)
"11137480453",NA,NA,NA,NA,NA,NA,NA,NA,"45 mph",NA,NA,NA,NA,NA,NA,"maxspeed",c(-105.2286689, 39.9255578)
"11137480455",NA,NA,NA,NA,NA,NA,NA,NA,"35 mph",NA,NA,NA,NA,NA,NA,"maxspeed",c(-105.231478, 39.9281039)
"11140001301",NA,NA,NA,NA,NA,NA,NA,NA,"55 mph",NA,NA,NA,NA,NA,NA,"maxspeed",c(-105.2329066, 39.9282824)
"11140001302",NA,NA,NA,NA,NA,NA,NA,NA,"55 mph",NA,NA,NA,NA,NA,NA,"maxspeed",c(-105.233082, 39.9281558)
"11140001303",NA,NA,NA,NA,NA,NA,NA,NA,"55 mph",NA,NA,NA,NA,NA,NA,"maxspeed",c(-105.2351067, 39.9301361)
"11140024674",NA,NA,NA,NA,NA,NA,NA,NA,"30 mph",NA,NA,NA,NA,NA,NA,"maxspeed",c(-105.2306937, 39.9542284)
"11140024675",NA,NA,NA,NA,NA,NA,NA,NA,"35 mph",NA,NA,NA,NA,NA,NA,"maxspeed",c(-105.1743007, 39.9606417)
"11141766726",NA,NA,NA,NA,NA,NA,NA,NA,"35 mph",NA,NA,NA,NA,NA,NA,"maxspeed",c(-105.1726278, 39.9601804)
"11141766729",NA,NA,NA,NA,NA,NA,NA,NA,"50 mph",NA,NA,NA,NA,NA,NA,"maxspeed",c(-105.1773626, 39.9620096)
"11141852339",NA,NA,NA,NA,NA,NA,NA,NA,"40 mph",NA,NA,NA,NA,NA,NA,"maxspeed",c(-105.2178305, 39.9560905)
"11141852347",NA,NA,NA,NA,NA,NA,NA,NA,"35 mph",NA,NA,NA,NA,NA,NA,"maxspeed",c(-105.223614, 39.9563838)
"11141890522",NA,NA,NA,NA,NA,NA,NA,NA,"40 mph",NA,NA,NA,NA,NA,NA,"maxspeed",c(-105.2128932, 39.964911)
"11141890585",NA,NA,NA,NA,NA,NA,NA,NA,"40 mph",NA,NA,NA,NA,NA,NA,"maxspeed",c(-105.2127544, 39.9774535)
"11142104025",NA,NA,NA,NA,NA,NA,NA,NA,"45 mph",NA,NA,NA,NA,NA,NA,"maxspeed",c(-105.2113075, 39.9860021)
"11142104045",NA,NA,NA,NA,NA,NA,NA,NA,"45 mph",NA,NA,NA,NA,NA,NA,"maxspeed",c(-105.1935868, 39.9864632)
"11142106359",NA,NA,NA,NA,NA,NA,NA,NA,"45 mph",NA,NA,NA,NA,NA,NA,"maxspeed",c(-105.1697881, 39.9866602)
"11142106369",NA,NA,NA,NA,NA,NA,NA,NA,"25 mph",NA,NA,NA,NA,NA,NA,"maxspeed",c(-105.1793887, 39.9865414)
"11142106425",NA,NA,NA,NA,NA,NA,NA,NA,"45 mph",NA,NA,NA,NA,NA,NA,"maxspeed",c(-105.1774179, 39.9869005)
"11142644560",NA,NA,NA,NA,NA,NA,NA,NA,"5 mph",NA,NA,NA,NA,NA,NA,"maxspeed",c(-105.2452747, 40.025667)
"11144920942",NA,NA,NA,NA,NA,NA,NA,NA,"20 mph",NA,NA,NA,NA,NA,NA,"maxspeed",c(-105.2157792, 40.0142095)
"11144942883",NA,NA,NA,NA,NA,NA,NA,NA,"35 mph",NA,NA,NA,NA,NA,NA,"maxspeed",c(-105.2258201, 40.0002346)
"11144945512",NA,NA,NA,NA,NA,NA,NA,NA,"40 mph",NA,NA,NA,NA,NA,NA,"maxspeed",c(-105.2168083, 40.0001769)
"11144945514",NA,NA,NA,NA,NA,NA,NA,NA,"40 mph",NA,NA,NA,NA,NA,NA,"maxspeed",c(-105.2209332, 40.0001827)
"11144945516",NA,NA,NA,"street_lamp",NA,NA,NA,NA,"20 mph",NA,NA,NA,NA,NA,NA,"maxspeed",c(-105.2225106, 40.0002517)
"11145300426",NA,NA,NA,NA,NA,NA,NA,NA,"35 mph",NA,NA,NA,NA,NA,NA,"maxspeed",c(-105.2346157, 40.000244)
"11186969281",NA,NA,NA,NA,NA,NA,NA,NA,"45 mph",NA,NA,NA,NA,NA,NA,"maxspeed",c(-105.0680327, 40.0003295)
"11186969295",NA,NA,NA,NA,NA,NA,NA,NA,"40 mph",NA,NA,NA,NA,NA,NA,"maxspeed",c(-105.0743945, 40.0012383)
"11186988735",NA,NA,NA,NA,NA,NA,NA,NA,"35 mph",NA,NA,NA,NA,NA,NA,"maxspeed",c(-105.0744808, 40.0256974)
"11187038081",NA,NA,NA,NA,NA,NA,NA,NA,"45 mph",NA,NA,NA,NA,NA,NA,"maxspeed",c(-105.0717065, 40.0366512)
"11187038094",NA,NA,NA,"street_lamp","bent_mast",NA,NA,NA,"45 mph",NA,NA,NA,NA,"pole",NA,"maxspeed",c(-105.0623557, 40.0365559)
"11187038112",NA,NA,NA,NA,NA,NA,NA,NA,"40 mph",NA,NA,NA,NA,NA,NA,"maxspeed",c(-105.0535437, 40.0364329)
"11209035979",NA,NA,"N",NA,NA,NA,NA,NA,"45",NA,NA,NA,NA,NA,NA,"maxspeed",c(-105.1023219, 40.1391919)
"11210891311",NA,NA,NA,NA,NA,NA,NA,NA,"40 mph",NA,NA,NA,NA,NA,NA,"maxspeed",c(-105.2374978, 40.0001172)
"11210891312",NA,NA,NA,"street_lamp","bent_mast",NA,NA,NA,"40 mph",NA,NA,NA,NA,"pole",NA,"maxspeed",c(-105.2378066, 40.0002437)
"11210891327",NA,NA,NA,"street_lamp","bent_mast",NA,NA,NA,"40 mph",NA,NA,NA,NA,"pole",NA,"maxspeed",c(-105.242625, 40.000234)
"11210959040",NA,NA,NA,"street_lamp","bent_mast",NA,NA,NA,"40 mph",NA,NA,NA,NA,"pole",NA,"maxspeed",c(-105.2467201, 40.0001742)
"11210959052",NA,NA,NA,"street_lamp","bent_mast",NA,NA,NA,"35 mph",NA,NA,NA,NA,"pole",NA,"maxspeed",c(-105.2505286, 40.0001544)
"11210959066",NA,NA,NA,NA,NA,NA,NA,NA,"35 mph",NA,NA,NA,NA,NA,NA,"maxspeed",c(-105.2574573, 40.0003504)
"11210959073",NA,NA,NA,NA,NA,NA,NA,NA,NA,"15 mph",NA,NA,NA,NA,NA,"maxspeed",c(-105.2597413, 40.0005845)
"11210959083",NA,NA,NA,NA,NA,NA,NA,NA,"30 mph",NA,NA,NA,NA,NA,NA,"maxspeed",c(-105.2606297, 40.0005172)
"11211118541",NA,NA,NA,NA,NA,NA,NA,NA,"25 mph",NA,NA,NA,NA,NA,NA,"maxspeed",c(-105.2653919, 40.0001586)
"11211118547",NA,NA,NA,NA,NA,NA,NA,NA,"25 mph",NA,NA,NA,NA,NA,NA,"maxspeed",c(-105.2686563, 40.0001546)
"11211118552",NA,NA,NA,NA,NA,NA,NA,NA,"25 mph",NA,NA,NA,NA,NA,NA,"maxspeed",c(-105.2724261, 40.0001562)
"11211118565",NA,NA,NA,NA,NA,NA,NA,NA,"25 mph",NA,NA,NA,NA,NA,NA,"maxspeed",c(-105.2766757, 40.0001411)
"11211118588",NA,NA,NA,"street_lamp","bent_mast",NA,NA,NA,"25 mph",NA,NA,NA,NA,"pole",NA,"maxspeed",c(-105.2811968, 40.000133)
"11211118608",NA,NA,NA,NA,NA,NA,NA,NA,"25 mph",NA,NA,NA,NA,NA,NA,"maxspeed",c(-105.2848071, 40.0001357)
"11211118623",NA,NA,NA,NA,NA,NA,NA,NA,"20 mph",NA,NA,NA,NA,NA,NA,"maxspeed",c(-105.2893164, 39.9996914)
"11214398855",NA,NA,NA,NA,NA,NA,NA,NA,NA,"10 mph",NA,NA,NA,NA,NA,"maxspeed",c(-105.2952436, 40.0026521)
"11214398887",NA,NA,NA,NA,NA,NA,NA,NA,NA,"10 mph",NA,NA,NA,NA,NA,"maxspeed",c(-105.296084, 40.0015717)
"11214398911",NA,NA,NA,NA,NA,NA,NA,NA,"20 mph",NA,NA,NA,NA,NA,NA,"maxspeed",c(-105.2983928, 40.0014672)
"11214398913",NA,NA,NA,NA,NA,NA,NA,NA,NA,"10 mph",NA,NA,NA,NA,NA,"maxspeed",c(-105.2994778, 40.0002081)
"11214398955",NA,NA,NA,NA,NA,NA,NA,NA,NA,"10 mph",NA,NA,NA,NA,NA,"maxspeed",c(-105.2988045, 40.0028514)
"11218359751",NA,NA,NA,NA,NA,NA,NA,NA,"20 mph",NA,NA,NA,NA,NA,NA,"maxspeed",c(-105.3063173, 39.9985486)
"11218359789",NA,NA,NA,NA,NA,NA,NA,NA,NA,"10 mph",NA,NA,NA,NA,NA,"maxspeed",c(-105.3107238, 39.9963619)
"11218365178",NA,NA,NA,NA,NA,NA,NA,NA,"20 mph",NA,NA,NA,NA,NA,NA,"maxspeed",c(-105.3101804, 39.9944062)
"11218773613",NA,NA,NA,NA,NA,NA,NA,NA,NA,"15 mph",NA,NA,NA,NA,NA,"maxspeed",c(-105.319016, 39.990911)
"11219247073",NA,NA,"0",NA,NA,NA,NA,NA,"25 mph",NA,NA,NA,NA,NA,NA,"maxspeed",c(-105.102664, 40.1704986)
"11219247074",NA,NA,"0",NA,NA,NA,NA,NA,"35 mph",NA,NA,NA,NA,NA,NA,"maxspeed",c(-105.102685, 40.1622974)
"11219247077",NA,NA,"0",NA,NA,NA,NA,NA,"35 mph",NA,NA,NA,NA,NA,NA,"maxspeed",c(-105.102549, 40.1952074)
"11219247085",NA,NA,"0",NA,NA,NA,NA,NA,"45",NA,NA,NA,NA,NA,NA,"maxspeed",c(-105.102693, 40.2017341)
"11219247086",NA,NA,"0",NA,NA,NA,NA,NA,"35 mph",NA,NA,NA,NA,NA,NA,"maxspeed",c(-105.102676, 40.1574345)
"11219247089",NA,NA,"0",NA,NA,NA,NA,NA,"35 mph",NA,NA,NA,NA,NA,NA,"maxspeed",c(-105.102533, 40.1844526)
"11219247096",NA,NA,"0",NA,NA,NA,NA,NA,"25 mph",NA,NA,NA,NA,NA,NA,"maxspeed",c(-105.102667, 40.1687865)
"11219247098",NA,NA,"0",NA,NA,NA,NA,NA,"25",NA,NA,NA,NA,NA,NA,"maxspeed",c(-105.10262, 40.1735977)
"11219247107",NA,NA,"0",NA,NA,NA,NA,NA,"35",NA,NA,NA,NA,NA,NA,"maxspeed",c(-105.10254, 40.1806603)
"11219247108",NA,NA,"0",NA,NA,NA,NA,NA,"35 mph",NA,NA,NA,NA,NA,NA,"maxspeed",c(-105.102634, 40.1750501)
"11219247112",NA,NA,"0",NA,NA,NA,NA,NA,"25 mph",NA,NA,NA,NA,NA,NA,"maxspeed",c(-105.102641, 40.1722108)
"11219247113",NA,NA,"0",NA,NA,NA,NA,NA,"35 mph",NA,NA,NA,NA,NA,NA,"maxspeed",c(-105.102508, 40.191703)
"11220654540",NA,NA,NA,NA,NA,NA,NA,NA,NA,"10 mph",NA,NA,NA,NA,NA,"maxspeed",c(-105.3220012, 39.9851247)
"11220654562",NA,NA,NA,NA,NA,NA,NA,NA,"25 mph",NA,NA,NA,NA,NA,NA,"maxspeed",c(-105.3257447, 39.9820735)
"11220654580",NA,NA,NA,NA,NA,NA,NA,NA,NA,"20 mph",NA,NA,NA,NA,NA,"maxspeed",c(-105.3311716, 39.9802258)
"11220654582",NA,NA,NA,NA,NA,NA,NA,NA,"25 mph",NA,NA,NA,NA,NA,NA,"maxspeed",c(-105.333064, 39.9796037)
"11220654597",NA,NA,NA,NA,NA,NA,NA,NA,"20 mph",NA,NA,NA,NA,NA,NA,"maxspeed",c(-105.3359412, 39.9736967)
"11220654601",NA,NA,NA,NA,NA,NA,NA,NA,NA,"10 mph",NA,NA,NA,NA,NA,"maxspeed",c(-105.3383445, 39.9693594)
"11220654607",NA,NA,NA,NA,NA,NA,NA,NA,NA,"10 mph",NA,NA,NA,NA,NA,"maxspeed",c(-105.3388932, 39.9687538)
"11220654624",NA,NA,NA,NA,NA,NA,NA,NA,"30 mph",NA,NA,NA,NA,NA,NA,"maxspeed",c(-105.3379702, 39.9646762)
"11220654626",NA,NA,NA,NA,NA,NA,NA,NA,NA,"20 mph",NA,NA,NA,NA,NA,"maxspeed",c(-105.3386533, 39.9619421)
"11249194441",NA,NA,"W",NA,NA,NA,NA,NA,"35 mph",NA,NA,NA,NA,NA,NA,"maxspeed",c(-105.1485791, 40.1431782)
"11249194442",NA,NA,"E",NA,NA,NA,NA,NA,"35 mph",NA,NA,NA,NA,NA,NA,"maxspeed",c(-105.1407334, 40.1442616)
"11258117745",NA,NA,NA,NA,NA,NA,NA,NA,NA,"20 mph",NA,NA,NA,NA,NA,"maxspeed",c(-105.3382966, 39.9605097)
"11258117749",NA,NA,NA,NA,NA,NA,NA,NA,"25 mph",NA,NA,NA,NA,NA,NA,"maxspeed",c(-105.3378538, 39.9646823)
"11258117752",NA,NA,NA,NA,NA,NA,NA,NA,NA,"15 mph",NA,NA,NA,NA,NA,"maxspeed",c(-105.3380163, 39.9658278)
"11258117754",NA,NA,NA,NA,NA,NA,NA,NA,NA,"10 mph",NA,NA,NA,NA,NA,"maxspeed",c(-105.3388705, 39.9688891)
"11258117769",NA,NA,NA,NA,NA,NA,NA,NA,"25 mph",NA,NA,NA,NA,NA,NA,"maxspeed",c(-105.3369468, 39.9719056)
"11258117778",NA,NA,NA,NA,NA,NA,NA,NA,"20 mph",NA,NA,NA,NA,NA,NA,"maxspeed",c(-105.3257432, 39.9819542)
"11258117798",NA,NA,NA,NA,NA,NA,NA,NA,NA,"10 mph",NA,NA,NA,NA,NA,"maxspeed",c(-105.3222597, 39.9837935)
"11258117811",NA,NA,NA,NA,NA,NA,NA,NA,NA,"15 mph",NA,NA,NA,NA,NA,"maxspeed",c(-105.3196647, 39.9900277)
"11258117812",NA,NA,NA,NA,NA,NA,NA,NA,NA,"10 mph",NA,NA,NA,NA,NA,"maxspeed",c(-105.3174326, 39.9913073)
"11258184817",NA,NA,NA,NA,NA,NA,NA,NA,"10 mph",NA,NA,NA,NA,NA,NA,"maxspeed",c(-105.3087399, 39.9977678)
"11258184829",NA,NA,NA,NA,NA,NA,NA,NA,"10 mph",NA,NA,NA,NA,NA,NA,"maxspeed",c(-105.3043618, 40.0037755)
"11258195474",NA,NA,NA,NA,NA,NA,NA,NA,"20 mph",NA,NA,NA,NA,NA,NA,"maxspeed",c(-105.2976499, 40.0017773)
"11258195476",NA,NA,NA,NA,NA,NA,NA,NA,NA,"10 mph",NA,NA,NA,NA,NA,"maxspeed",c(-105.2960365, 40.002578)
"11258195479",NA,NA,NA,NA,NA,NA,NA,NA,NA,"15 mph",NA,NA,NA,NA,NA,"maxspeed",c(-105.2950862, 40.0019011)
"11258195481",NA,NA,NA,NA,NA,NA,NA,NA,NA,"15 mph",NA,NA,NA,NA,NA,"maxspeed",c(-105.2940308, 40.0029105)
"11258777264",NA,NA,NA,NA,NA,NA,NA,NA,NA,"15 mph",NA,NA,NA,NA,NA,"maxspeed",c(-105.2948465, 40.0057226)
"11258777299",NA,NA,NA,NA,NA,NA,NA,NA,"20 mph",NA,NA,NA,NA,NA,NA,"maxspeed",c(-105.2907777, 40.0011375)
"11258777300",NA,NA,NA,NA,NA,NA,NA,NA,NA,"15 mph",NA,NA,NA,NA,NA,"maxspeed",c(-105.2905064, 40.0004675)
"11258777309",NA,NA,NA,NA,NA,NA,NA,NA,"25 mph",NA,NA,NA,NA,NA,NA,"maxspeed",c(-105.2866995, 39.9999995)
"11258791329",NA,NA,NA,NA,NA,NA,NA,NA,"25 mph",NA,NA,NA,NA,NA,NA,"maxspeed",c(-105.2798845, 40.0000175)
"11258834737",NA,NA,NA,NA,NA,NA,NA,NA,"25 mph",NA,NA,NA,NA,NA,NA,"maxspeed",c(-105.276522, 40.0000128)
"11258834746",NA,NA,NA,NA,NA,NA,NA,NA,"25 mph",NA,"pole",NA,NA,NA,NA,"maxspeed",c(-105.2706293, 40.0000213)
"11258834764",NA,NA,NA,NA,NA,NA,NA,NA,"25 mph",NA,NA,NA,NA,NA,NA,"maxspeed",c(-105.2658431, 40.0000146)
"11258834780",NA,NA,NA,NA,NA,NA,NA,NA,"35 mph",NA,NA,NA,NA,NA,NA,"maxspeed",c(-105.261109, 40.0002187)
"11260217533",NA,NA,NA,NA,NA,NA,NA,NA,"40 mph",NA,NA,NA,NA,NA,NA,"maxspeed",c(-105.2512739, 39.9998837)
"11260230453",NA,NA,NA,NA,NA,NA,NA,NA,"20 mph",NA,NA,NA,NA,NA,NA,"maxspeed",c(-105.2365804, 39.9985811)
"11331631264",NA,NA,NA,NA,NA,NA,NA,NA,"25 mph",NA,NA,NA,NA,NA,NA,"maxspeed",c(-105.055953, 40.0220461)
"11331641803",NA,NA,NA,NA,NA,NA,NA,NA,NA,"20 mph",NA,NA,NA,NA,NA,"maxspeed",c(-105.0743942, 40.0355723)
"11331641806",NA,NA,NA,NA,NA,NA,NA,NA,"35 mph",NA,"pole",NA,NA,NA,NA,"maxspeed",c(-105.0743865, 40.0373798)
"11363231497",NA,NA,NA,NA,NA,NA,NA,NA,"40 mph",NA,NA,NA,NA,NA,NA,"maxspeed",c(-105.0625758, 40.0057976)
"11363231498",NA,NA,NA,NA,NA,NA,NA,NA,"25 mph",NA,NA,NA,NA,NA,NA,"maxspeed",c(-105.0650392, 40.005878)
"11363231501",NA,NA,NA,NA,NA,NA,NA,NA,"25 mph",NA,NA,NA,NA,NA,NA,"maxspeed",c(-105.0668882, 40.0057177)
"11364614344",NA,NA,NA,NA,NA,NA,NA,NA,"45 mph",NA,NA,NA,NA,NA,NA,"maxspeed",c(-105.075477, 40.0003183)
"11364614347",NA,NA,NA,NA,NA,NA,NA,NA,"30 mph",NA,NA,NA,NA,NA,NA,"maxspeed",c(-105.0785355, 40.0003109)
"11364614348",NA,NA,NA,NA,NA,NA,NA,NA,"45 mph",NA,NA,NA,NA,NA,NA,"maxspeed",c(-105.0780265, 40.0001572)
"11421536067",NA,NA,"E",NA,NA,NA,NA,NA,NA,NA,NA,NA,NA,NA,NA,"stop",c(-105.0744518, 40.1994932)
"11421746771",NA,NA,"0",NA,NA,NA,NA,NA,"45 mph",NA,NA,NA,NA,NA,NA,"maxspeed",c(-105.0743049, 40.1811125)
"11421746774",NA,NA,"E",NA,NA,NA,NA,NA,NA,NA,NA,NA,NA,NA,NA,"stop",c(-105.0744214, 40.1933235)
"11421746787",NA,NA,"E",NA,NA,NA,NA,NA,NA,NA,NA,NA,NA,NA,NA,"stop",c(-105.074379, 40.1869478)
"11421746797",NA,NA,"W",NA,NA,NA,NA,NA,NA,NA,NA,NA,NA,NA,NA,"stop",c(-105.0739817, 40.1935373)
"11421746799",NA,NA,"E",NA,NA,NA,NA,NA,NA,NA,NA,NA,NA,NA,NA,"stop",c(-105.074384, 40.1860153)
"11421746803",NA,NA,"0",NA,NA,NA,NA,NA,"45 mph",NA,NA,NA,NA,NA,NA,"maxspeed",c(-105.0742362, 40.1882606)
